run_id,cost,dmin,player_id,ego
50,965.4064719669916,0.9179093222355128,1,InferEQ
50,811.4427326767432,1.1238394187611507,2,InferEQ
50,909.2558299836801,0.9179093222355128,3,InferEQ
50,808.2443915980341,1.0579133508891232,4,InferEQ
50,876.2861397223267,1.1238394187611507,5,InferEQ
159,1083.6007324666452,0.7823381539046834,1,InferEQ
159,891.7135575788014,1.1039521255440572,2,InferEQ
159,962.0627362525094,0.7823381539046834,3,InferEQ
159,808.536933134349,1.1870848467360837,4,InferEQ
159,838.0532124447711,1.1039521255440572,5,InferEQ
22,956.1858743188313,0.9577067993766983,1,InferEQ
22,762.2749037561364,1.2292411964297891,2,InferEQ
22,812.4857393184678,1.1729057796841444,3,InferEQ
22,892.0636082338142,0.9577067993766983,4,InferEQ
22,857.5891165679639,1.2292411964297891,5,InferEQ
127,870.1748818993618,1.2333314093958008,1,InferEQ
127,850.1741260473838,1.0305540366503072,2,InferEQ
127,819.3703797321203,1.1492210140106642,3,InferEQ
127,750.3654421200013,1.2333314093958008,4,InferEQ
127,921.5335206611292,1.0305540366503072,5,InferEQ
1,1441.266468170731,0.35734053115014835,1,InferEQ
1,1099.273211565891,0.9671821469644976,2,InferEQ
1,1347.6907489831144,0.35734053115014835,3,InferEQ
1,972.9702819874801,0.9655693971785165,4,InferEQ
1,820.1551824066172,1.2654760159279184,5,InferEQ
64,830.8746841110174,1.2398036812916917,1,InferEQ
64,754.7288562868789,1.1852952430504828,2,InferEQ
64,733.8321581248031,1.2051671008535603,3,InferEQ
64,847.0259304238832,1.2537535383423568,4,InferEQ
64,744.4631092522225,1.1852952430504828,5,InferEQ
189,805.2335361735643,1.1093541534691156,1,InferEQ
189,793.5362615890989,1.103143520243303,2,InferEQ
189,711.1621007954598,1.2689388618263955,3,InferEQ
189,847.9988232198128,1.1093541534691156,4,InferEQ
189,832.8112667986057,1.103143520243303,5,InferEQ
78,834.6018983981085,1.1660209753752875,1,InferEQ
78,809.8486781967565,1.1890744527861012,2,InferEQ
78,779.7771016105614,1.1660209753752875,3,InferEQ
78,746.7984758059247,1.2339930005374105,4,InferEQ
78,775.2133968783389,1.1890744527861012,5,InferEQ
171,1045.0123965009966,0.9235315067418302,1,InferEQ
171,981.2029723464491,0.9022951157638519,2,InferEQ
171,994.7016700788048,0.7951345778705391,3,InferEQ
171,779.2645458038452,1.2373527627620962,4,InferEQ
171,1272.4254137205505,0.7951345778705391,5,InferEQ
85,716.4756842945687,1.265735163247392,1,InferEQ
85,793.8796729403981,1.1086328966728545,2,InferEQ
85,803.9660152728832,1.1108089853275893,3,InferEQ
85,831.867261279765,1.1086328966728545,4,InferEQ
85,850.8856129009855,1.1108089853275893,5,InferEQ
141,818.9173519348118,1.1510874277372292,1,InferEQ
141,751.634788380106,1.2293186893957517,2,InferEQ
141,918.8034023294939,1.0348713055104732,3,InferEQ
141,858.3382051983394,1.2293186893957517,4,InferEQ
141,845.0026661179689,1.0348713055104732,5,InferEQ
92,1174.3693580258996,0.9864488677368344,1,InferEQ
92,934.1718632023077,1.0255506749002068,2,InferEQ
92,877.0837935070185,1.2599418839179028,3,InferEQ
92,774.7514339373588,0.9864488677368344,4,InferEQ
92,936.6054785825144,1.068742461485751,5,InferEQ
134,843.5066161769295,1.1023565863684246,1,InferEQ
134,874.3659958943895,1.0499470930663857,2,InferEQ
134,888.8809396555868,1.0691774391211721,3,InferEQ
134,793.33421448632,1.2875633805675988,4,InferEQ
134,801.4710213304699,1.0499470930663857,5,InferEQ
8,778.7937474612055,1.0765580303290692,1,InferEQ
8,953.8215164674351,1.1825341270867324,2,InferEQ
8,870.5479591876216,1.0765580303290692,3,InferEQ
8,939.8334046139621,1.184171133938259,4,InferEQ
8,773.8220842873362,1.09654758579007,5,InferEQ
147,757.5518535348097,1.1352992574756933,1,InferEQ
147,852.018551670347,1.2531170449506994,2,InferEQ
147,727.2483449040733,1.222109314074792,3,InferEQ
147,750.272637715595,1.1352992574756933,4,InferEQ
147,848.8339655737973,1.2888281528756298,5,InferEQ
165,823.2835962345988,1.2335278573375883,1,InferEQ
165,744.228386837693,1.1813927174305987,2,InferEQ
165,848.1034763891362,1.2531351412146015,3,InferEQ
165,737.4283189998995,1.2061787171988325,4,InferEQ
165,753.2588575603229,1.1813927174305987,5,InferEQ
71,785.2603702664604,1.17763090156371,1,InferEQ
71,794.5639149769596,1.2678419839834245,2,InferEQ
71,750.949198943533,1.17763090156371,3,InferEQ
71,722.1086550432071,1.2118269600415268,4,InferEQ
71,860.0446225225141,1.2498611327089395,5,InferEQ
43,1352.602173326484,0.23533387240004688,1,InferEQ
43,907.0486304911784,1.0063289303541298,2,InferEQ
43,1333.3725028562085,0.23533387240004688,3,InferEQ
43,850.5518498919631,1.0063289303541298,4,InferEQ
43,706.3033316893392,1.1464759307730144,5,InferEQ
15,843.7328826128235,1.1441417156673308,1,InferEQ
15,816.2430218766588,1.1892977102669215,2,InferEQ
15,782.9443044294386,1.1441417156673308,3,InferEQ
15,751.0447508415405,1.2198765905654125,4,InferEQ
15,766.2247457006875,1.1892977102669215,5,InferEQ
29,808.9160605205246,1.1944352200992019,1,InferEQ
29,768.8462605321623,1.1788285863885815,2,InferEQ
29,737.6769318428118,1.2368079280414086,3,InferEQ
29,774.5689648380829,1.1944352200992019,4,InferEQ
29,821.7402226988812,1.1788285863885815,5,InferEQ
183,741.8350911419088,1.18701039713704,1,InferEQ
183,815.6501865299861,1.245092551627731,2,InferEQ
183,746.9046874442142,1.18701039713704,3,InferEQ
183,730.4698765747783,1.2096011486397347,4,InferEQ
183,840.8488605798583,1.2534483578139304,5,InferEQ
177,988.6993299003651,0.8025693556958475,1,InferEQ
177,1195.1646899580805,0.8888965646234115,2,InferEQ
177,1213.1699791091557,0.8025693556958475,3,InferEQ
177,804.5248610312102,1.2494538349421414,4,InferEQ
177,798.4656297619413,1.0861080275108592,5,InferEQ
120,1543.5824361399018,0.7013714833747502,1,InferEQ
120,1158.5636627468552,0.8679524125733501,2,InferEQ
120,1506.3146245988423,0.7240729799157121,3,InferEQ
120,1357.3967052146018,0.7013714833747502,4,InferEQ
120,957.2996742972058,0.8520337982091126,5,InferEQ
106,1176.7525200007997,0.9683010257044946,1,InferEQ
106,988.1055054425318,0.8402777838252937,2,InferEQ
106,1004.2197637804662,0.7230873834072447,3,InferEQ
106,929.2697995145982,1.071340841855005,4,InferEQ
106,1335.390735904084,0.7230873834072447,5,InferEQ
57,952.8122766497678,0.9757429199103207,1,InferEQ
57,926.026393381429,0.7863294183173201,2,InferEQ
57,994.135775356556,0.9031940922101538,3,InferEQ
57,1163.010628859309,0.9436220952965391,4,InferEQ
57,1293.4242263068722,0.7863294183173201,5,InferEQ
36,844.4573866211022,1.1068074946003446,1,InferEQ
36,990.764251440872,0.922511789515965,2,InferEQ
36,826.6197322324834,1.1068074946003446,3,InferEQ
36,910.1889717880547,0.922511789515965,4,InferEQ
36,852.9139493224217,1.0190923653812325,5,InferEQ
99,926.0103853387417,0.9319397584984319,1,InferEQ
99,1286.1863359000788,0.5137318413586844,2,InferEQ
99,1016.8420717039731,0.9134552707172565,3,InferEQ
99,1029.2640814675046,0.9319397584984319,4,InferEQ
99,1183.500102776972,0.5137318413586844,5,InferEQ
113,805.1270420189003,1.11001265919577,1,InferEQ
113,829.8043571741631,1.1094102629590936,2,InferEQ
113,846.799980709106,1.11001265919577,3,InferEQ
113,711.9819807665341,1.2691677075494068,4,InferEQ
113,790.4605585192796,1.1094102629590936,5,InferEQ
195,1628.7709385517828,0.7410878644068724,1,InferEQ
195,1652.819375114513,0.7408415343813058,2,InferEQ
195,1208.000502097661,0.8128682223790245,3,InferEQ
195,1270.748354627642,0.7410878644068724,4,InferEQ
195,1163.7829103227368,0.7408415343813058,5,InferEQ
153,1329.0770485037522,0.5348135676865565,1,InferEQ
153,805.8471856868323,1.0712756727016268,2,InferEQ
153,888.3159151646655,0.9279576849864445,3,InferEQ
153,1133.4979273390948,0.5348135676865565,4,InferEQ
153,984.9391922892282,0.9279576849864445,5,InferEQ
23,874.890985586027,0.725255953068967,1,InferEQ
23,837.7669646011851,1.2621217217198657,2,InferEQ
23,1035.462991144557,0.907102886989541,3,InferEQ
23,1474.798076291572,0.725255953068967,4,InferEQ
23,1188.208174159366,0.7716924438438826,5,InferEQ
160,845.6952184261124,1.05952111189422,1,InferEQ
160,773.7624799718444,1.1168546440542635,2,InferEQ
160,946.5988774585395,1.0712393276604135,3,InferEQ
160,1075.585086867347,1.05952111189422,4,InferEQ
160,972.7820273881051,1.0712393276604135,5,InferEQ
65,933.0869507966091,1.0478074664418653,1,InferEQ
65,768.347550243691,1.227946787942058,2,InferEQ
65,818.8174380997347,1.141357742661134,3,InferEQ
65,846.3283519454152,1.0478074664418653,4,InferEQ
65,842.613462613951,1.227946787942058,5,InferEQ
51,870.2240096770031,1.0571682912346996,1,InferEQ
51,748.6557927426139,1.2733308743503418,2,InferEQ
51,810.8886754680501,1.0571682912346996,3,InferEQ
51,851.2327668986864,1.2224090047059368,4,InferEQ
51,808.6712642644176,1.1264584767365844,5,InferEQ
16,858.4800465621634,1.0479537109460364,1,InferEQ
16,848.8996666851714,1.064117519744862,2,InferEQ
16,936.3806327763111,1.0479537109460364,3,InferEQ
16,773.6272825623735,1.2739072113819299,4,InferEQ
16,799.2953260270473,1.064117519744862,5,InferEQ
79,850.2974922820925,1.108249203747753,1,InferEQ
79,834.1189820642406,1.1056164853407433,2,InferEQ
79,802.9977280738121,1.108249203747753,3,InferEQ
79,792.9995819093543,1.1056164853407433,4,InferEQ
79,713.2905418089488,1.2686810790762633,5,InferEQ
93,848.3212229090374,1.1520131324376077,1,InferEQ
93,982.7334917399857,0.8963193899499778,2,InferEQ
93,762.3491200739688,1.1668110131919474,3,InferEQ
93,992.9377891924621,0.8963193899499778,4,InferEQ
93,843.184721681908,0.9930952171001879,5,InferEQ
86,811.9391745637143,1.1096467213953045,1,InferEQ
86,795.8814564630142,1.100095845302681,2,InferEQ
86,711.3496635056011,1.26884710048655,3,InferEQ
86,848.3891268223031,1.1096467213953045,4,InferEQ
86,834.5048739696526,1.100095845302681,5,InferEQ
135,771.3653625733829,1.1604074044469719,1,InferEQ
135,981.9062601305005,0.901951417415274,2,InferEQ
135,847.0478343779605,1.1604074044469719,3,InferEQ
135,844.2037763483972,1.0010705811100986,4,InferEQ
135,985.6342534441096,0.901951417415274,5,InferEQ
72,811.0887928976346,1.1120641098291582,1,InferEQ
72,836.9396235621098,1.09786212911163,2,InferEQ
72,846.0143348511264,1.1120641098291582,3,InferEQ
72,710.7819742525658,1.269712979270509,4,InferEQ
72,796.8612375941048,1.09786212911163,5,InferEQ
166,1417.33449199655,0.6345867685514169,1,InferEQ
166,989.4164215669819,1.0124835802348064,2,InferEQ
166,1181.4409438137,0.6345867685514169,3,InferEQ
166,1064.764375250022,0.6902868192004238,4,InferEQ
166,935.0111368577019,1.0563351256941773,5,InferEQ
121,1763.9590809447254,0.15444868756830807,1,InferEQ
121,1755.1462325543746,0.15444868756830807,2,InferEQ
121,857.1298782157401,1.2518379157110682,3,InferEQ
121,977.3852831814456,0.9821443373573112,4,InferEQ
121,717.5546754985404,1.2518379157110682,5,InferEQ
128,2231.212181712866,0.22619255073325822,1,InferEQ
128,1110.3745721912935,0.9407604309988198,2,InferEQ
128,1112.899947490619,0.8687332755091685,3,InferEQ
128,1135.9084278884536,0.9407604309988198,4,InferEQ
128,2263.026068536013,0.22619255073325822,5,InferEQ
178,847.1317652701516,1.1400645429842446,1,InferEQ
178,762.4707853315037,1.1947239111934433,2,InferEQ
178,753.5974365286525,1.21617450298865,3,InferEQ
178,783.2950343417124,1.1400645429842446,4,InferEQ
178,813.472950854546,1.1947239111934433,5,InferEQ
9,1029.9660195801146,0.9595497060780823,1,InferEQ
9,1042.9598895961508,0.6892161668289417,2,InferEQ
9,841.1079409977435,0.873469616149754,3,InferEQ
9,928.5516212225922,1.128040957447801,4,InferEQ
9,1353.7327098969924,0.6892161668289417,5,InferEQ
148,892.9184793525819,1.0620523073987005,1,InferEQ
148,797.6336596241518,1.2831265816746518,2,InferEQ
148,802.7205382957486,1.051870050492606,3,InferEQ
148,825.9074157153116,1.1005434544519757,4,InferEQ
148,873.6255679194464,1.051870050492606,5,InferEQ
154,851.0535493071484,1.1133037484505994,1,InferEQ
154,852.0421897578098,1.0587397274554353,2,InferEQ
154,850.8570660739038,1.2184809916575743,3,InferEQ
154,925.6600681858095,1.0587397274554353,4,InferEQ
154,755.1095358367121,1.2184809916575743,5,InferEQ
184,818.7896054332268,1.2419965181502581,1,InferEQ
184,736.95208954647,1.1882313855782665,2,InferEQ
184,839.8563538867102,1.2535382662231442,3,InferEQ
184,732.012294570437,1.2101726185260364,4,InferEQ
184,747.339672710826,1.1882313855782665,5,InferEQ
44,859.5417785020919,1.1050844422833341,1,InferEQ
44,838.8075344178241,1.1007506102664595,2,InferEQ
44,810.5866899258784,1.1050844422833341,3,InferEQ
44,802.2390860518641,1.1007506102664595,4,InferEQ
44,720.6562814805968,1.2625769875338078,5,InferEQ
37,857.0945532268278,1.031967159305206,1,InferEQ
37,867.5873961830692,1.2190306481571935,2,InferEQ
37,923.1477891268474,1.031967159305206,3,InferEQ
37,760.6002475403951,1.2190306481571935,4,InferEQ
37,824.7912567968333,1.1517796345805544,5,InferEQ
107,731.8375020946565,1.2669607043397662,1,InferEQ
107,803.0002335097993,1.1046303101707335,2,InferEQ
107,807.1413848817689,1.1090841437836445,3,InferEQ
107,828.1128380392234,1.1046303101707335,4,InferEQ
107,841.7281552772857,1.1090841437836445,5,InferEQ
196,2174.697112835249,0.679945634250397,1,InferEQ
196,1063.210702969818,0.9497085185255651,2,InferEQ
196,1226.9959683265477,0.8858754154011111,3,InferEQ
196,1294.0463915788341,0.794798205998808,4,InferEQ
196,1091.6972806820158,0.679945634250397,5,InferEQ
114,751.7914213876111,1.2315543553006862,1,InferEQ
114,774.2441079490623,1.1788514781617423,2,InferEQ
114,807.3875691900075,1.2065592938069112,3,InferEQ
114,822.7690794696808,1.1788514781617423,4,InferEQ
114,776.1381068956716,1.2065592938069112,5,InferEQ
58,812.0138436083679,1.083434617603373,1,InferEQ
58,738.022638220564,1.2420458091244093,2,InferEQ
58,852.5702763904908,1.1048007930395989,3,InferEQ
58,854.8496118054791,1.083434617603373,4,InferEQ
58,815.8719302011283,1.1048007930395989,5,InferEQ
30,754.7440267794482,1.1787571473204277,1,InferEQ
30,729.5506051375078,1.2114799678794592,2,InferEQ
30,843.3755855708814,1.252806067206991,3,InferEQ
30,740.2543989580264,1.1787571473204277,4,InferEQ
30,820.0522462120069,1.2503136995113109,5,InferEQ
172,812.7443964101763,1.2214245282470355,1,InferEQ
172,951.9413194389206,1.0613507685406225,2,InferEQ
172,847.4490232051429,1.2214245282470355,3,InferEQ
172,849.3167263151134,1.0613507685406225,4,InferEQ
172,802.6596644807719,1.1787897021160485,5,InferEQ
100,930.1116227837264,1.030745860670582,1,InferEQ
100,767.5972372939514,1.0250355171688617,2,InferEQ
100,989.4572194556303,0.95957716916242,3,InferEQ
100,1071.3413944276576,0.9744534503659289,4,InferEQ
100,1092.3780793564297,0.95957716916242,5,InferEQ
142,800.786662037201,1.1343794807982603,1,InferEQ
142,1003.9554290196271,0.8822091222125245,2,InferEQ
142,852.5340411437674,1.1343794807982603,3,InferEQ
142,860.8898420235228,1.0055775874769395,4,InferEQ
142,987.9161653783325,0.8822091222125245,5,InferEQ
2,844.1250754492268,1.050202287620572,1,InferEQ
2,837.7873733218136,1.2285091544338518,2,InferEQ
2,930.2568066845488,1.050202287620572,3,InferEQ
2,764.1644522761881,1.2285091544338518,4,InferEQ
2,821.5144721760316,1.1365217508486192,5,InferEQ
190,1100.959002191794,0.7472238616442402,1,InferEQ
190,872.9041237312285,1.2143702606200244,2,InferEQ
190,1073.5778708623704,0.7472238616442402,3,InferEQ
190,960.0669208804833,1.04861682960685,4,InferEQ
190,903.7755444848676,0.8878843841623945,5,InferEQ
17,780.4156179107923,1.1325706817434347,1,InferEQ
17,954.7520041902326,0.894850155207435,2,InferEQ
17,861.2933319481224,0.9629823104238024,3,InferEQ
17,892.0626372957122,1.1325706817434347,4,InferEQ
17,989.3828624121901,0.894850155207435,5,InferEQ
161,840.6279417873295,1.1029395158681687,1,InferEQ
161,848.6826235371307,1.10913980564275,2,InferEQ
161,711.9237367068316,1.2680584312112937,3,InferEQ
161,790.799746534522,1.1029395158681687,4,InferEQ
161,804.2524377341286,1.10913980564275,5,InferEQ
52,1039.62095044612,0.5595061119596142,1,InferEQ
52,1042.8974449135656,1.07641850183465,2,InferEQ
52,1495.5210184174107,0.5595061119596142,3,InferEQ
52,1100.7503035889085,0.9987598176540854,4,InferEQ
52,810.235886958729,1.0643984372511501,5,InferEQ
94,1106.4327923439037,0.9145441346995979,1,InferEQ
94,946.665358607968,0.86888918645411,2,InferEQ
94,933.1237807906823,0.7478689903455742,3,InferEQ
94,856.7271137479968,1.1597181048162755,4,InferEQ
94,1336.2326607564626,0.7478689903455742,5,InferEQ
66,849.9400211885307,1.2550517197337403,1,InferEQ
66,739.3883977918048,1.2056930838588176,2,InferEQ
66,750.9147658101776,1.1822420545437744,3,InferEQ
66,824.6058896778767,1.2314084899581104,4,InferEQ
66,743.4371063201729,1.1822420545437744,5,InferEQ
80,984.9361390230573,1.0316219406644143,1,InferEQ
80,1089.7905567813202,1.0316219406644143,2,InferEQ
80,899.285637884124,1.080454205933262,3,InferEQ
80,802.6655669274804,1.122161564795731,4,InferEQ
80,810.2150548968376,1.080454205933262,5,InferEQ
173,824.603287035133,1.1751686191454762,1,InferEQ
173,811.199069071348,1.192582014298249,2,InferEQ
173,775.8772994522683,1.1751686191454762,3,InferEQ
173,744.9465080946624,1.2337074505933536,4,InferEQ
173,778.382840343401,1.192582014298249,5,InferEQ
167,807.3944896883469,1.1194158203150855,1,InferEQ
167,795.7903610771757,1.096453412640959,2,InferEQ
167,936.2154973881356,1.1194158203150855,3,InferEQ
167,1047.7237652155354,1.1153474497499918,4,InferEQ
167,926.7235115939271,1.096453412640959,5,InferEQ
24,836.5871566252844,1.06283959657529,1,InferEQ
24,777.1105006799476,1.2847179232574504,2,InferEQ
24,906.5235763367799,1.0693513295661765,3,InferEQ
24,846.0067155964203,1.06283959657529,4,InferEQ
24,847.1887463130745,1.0693513295661765,5,InferEQ
108,1091.3686271996376,0.9815298531567889,1,InferEQ
108,987.1732870015979,0.9628484969428415,2,InferEQ
108,761.5900685675845,1.0275168909522372,3,InferEQ
108,905.4746971294169,1.035781848618228,4,InferEQ
108,1083.396650032145,0.9628484969428415,5,InferEQ
149,860.8136325376311,1.03651264343032,1,InferEQ
149,857.5161587494532,1.2321628812613543,2,InferEQ
149,914.7718271704977,1.03651264343032,3,InferEQ
149,754.5712262396984,1.2321628812613543,4,InferEQ
149,818.4163559426543,1.151162486633505,5,InferEQ
73,1205.3245751843385,0.8687939822337188,1,InferEQ
73,906.1675914496935,0.9938965216726161,2,InferEQ
73,1033.4922375709946,0.8687939822337188,3,InferEQ
73,933.3529543497249,0.9938965216726161,4,InferEQ
73,748.3618563717948,1.1004720058013802,5,InferEQ
185,811.0068115068877,1.0806898961117704,1,InferEQ
185,816.0417908730982,1.1048309935972784,2,InferEQ
185,854.6468384947913,1.0806898961117704,3,InferEQ
185,852.4369913612325,1.1048309935972784,4,InferEQ
185,732.4944813163792,1.246060598061437,5,InferEQ
10,853.472906686068,1.1075782630472863,1,InferEQ
10,835.3010314863271,1.1026264757566686,2,InferEQ
10,803.5613077536716,1.1075782630472863,3,InferEQ
10,794.0806814388145,1.1026264757566686,4,InferEQ
10,713.5375698272018,1.2680097749423327,5,InferEQ
45,863.5614774226937,0.9797682795296719,1,InferEQ
45,847.0573581702168,1.160922416299765,2,InferEQ
45,986.2190114365014,0.9046295178847163,3,InferEQ
45,762.8721328902965,1.1663070545932719,4,InferEQ
45,991.2813365299769,0.9046295178847163,5,InferEQ
129,906.4967200410317,1.0911643500808261,1,InferEQ
129,835.821704442164,1.0824399240047362,2,InferEQ
129,815.8714568371547,1.0911643500808261,3,InferEQ
129,811.9036268962899,1.0824399240047362,4,InferEQ
129,738.677374760579,1.2450960815221415,5,InferEQ
38,757.4997798377976,1.172688744626913,1,InferEQ
38,731.318255984495,1.2111804758400482,2,InferEQ
38,845.7740262967066,1.251402778812049,3,InferEQ
38,742.8065483980965,1.172688744626913,4,InferEQ
38,820.8312503112419,1.2497473406274622,5,InferEQ
87,1096.933660126896,0.737450143162489,1,InferEQ
87,837.177194033641,1.2514742621620165,2,InferEQ
87,1085.9325909585682,0.737450143162489,3,InferEQ
87,944.3604058717474,1.068067926871498,4,InferEQ
87,898.6479542675065,0.8829924845851098,5,InferEQ
115,1295.0841309887642,0.8526428471808536,1,InferEQ
115,1144.3657974935704,0.8110628095022944,2,InferEQ
115,877.8917164445946,1.1063234551177983,3,InferEQ
115,890.9654263121605,1.034899883347944,4,InferEQ
115,1249.1556321994615,0.8110628095022944,5,InferEQ
136,1006.6685074240488,0.8871637240389489,1,InferEQ
136,848.4232184618762,0.9875669297334949,2,InferEQ
136,843.1207329373703,1.1549544418570723,3,InferEQ
136,990.115551781921,0.8871637240389489,4,InferEQ
136,762.3340257816778,1.1667339809953934,5,InferEQ
155,1293.331707174186,0.9056070817838613,1,InferEQ
155,1236.6559602953437,0.9056070817838613,2,InferEQ
155,758.7545778518136,1.0172616393917493,3,InferEQ
155,866.2315091151812,0.9838785936506842,4,InferEQ
155,1153.055121029747,0.975838515478515,5,InferEQ
197,850.4468285861748,1.024507680973581,1,InferEQ
197,940.5449009678035,1.0114252025770254,2,InferEQ
197,877.6385554473807,1.270877959015418,3,InferEQ
197,871.9455011826,1.0114252025770254,4,InferEQ
197,856.2361865852602,1.0800774367327781,5,InferEQ
31,782.7667073820542,1.2407458955347566,1,InferEQ
31,794.1076008792926,1.0669783401725619,2,InferEQ
31,865.1698452698519,1.0365302767704079,3,InferEQ
31,852.4395362450872,1.0669783401725619,4,InferEQ
31,940.672580427667,1.0365302767704079,5,InferEQ
179,773.3756203687174,1.126117436346961,1,InferEQ
179,948.1697962831025,0.908643409764989,2,InferEQ
179,867.929042979817,0.9650859988010665,3,InferEQ
179,903.646172279731,1.126117436346961,4,InferEQ
179,983.2967344183924,0.908643409764989,5,InferEQ
122,916.2455795588033,1.013861699964886,1,InferEQ
122,1083.9753256486165,0.9585013513889753,2,InferEQ
122,1073.2665042263911,0.9800115629483087,3,InferEQ
122,992.3771867314914,0.9585013513889753,4,InferEQ
122,765.092543145245,1.027395581470477,5,InferEQ
143,1047.5830093261375,1.0435364512724006,1,InferEQ
143,1004.3675954727297,0.9512404205847266,2,InferEQ
143,800.9067961577604,1.0435364512724006,3,InferEQ
143,858.1420726253205,1.3072800082144438,4,InferEQ
143,915.0044867259866,0.9512404205847266,5,InferEQ
101,776.1704201465242,1.0806410026691697,1,InferEQ
101,775.578479114562,1.0947874296002456,2,InferEQ
101,942.193299621601,1.1845781118817091,3,InferEQ
101,867.592937745137,1.0806410026691697,4,InferEQ
101,953.258036289763,1.1851065738068538,5,InferEQ
191,911.6501538721037,1.0535552232480954,1,InferEQ
191,891.6680085052412,1.0708185826148247,2,InferEQ
191,798.6426866098684,1.2698970031937709,3,InferEQ
191,792.2440779695247,1.0535552232480954,4,InferEQ
191,838.738508966728,1.0989553076526655,5,InferEQ
59,976.4613184141781,0.9128575777651426,1,InferEQ
59,768.9637538931462,1.1387941901875156,2,InferEQ
59,944.5913598745708,0.9128575777651426,3,InferEQ
59,855.1027086885279,0.9761252021926601,4,InferEQ
59,898.9428404999186,1.1387941901875156,5,InferEQ
3,955.0397845766614,0.9077677945383518,1,InferEQ
3,772.5490938778538,1.1348601212861433,2,InferEQ
3,973.2551043772,0.9077677945383518,3,InferEQ
3,890.062135674134,1.1348601212861433,4,InferEQ
3,861.9757347808321,0.9740410955404296,5,InferEQ
109,1341.5342283993648,0.2926941258703585,1,InferEQ
109,850.7988096490649,1.1381863419095586,2,InferEQ
109,1326.7235737239264,0.2926941258703585,3,InferEQ
109,812.520058726856,1.1381863419095586,4,InferEQ
109,882.9458508010464,0.8873182196665335,5,InferEQ
53,834.1547969058784,1.1153550849461313,1,InferEQ
53,765.9143077180275,1.2237036652624549,2,InferEQ
53,933.2788766279706,1.0503746610711238,3,InferEQ
53,846.7341105906389,1.2237036652624549,4,InferEQ
53,848.6646935651352,1.0503746610711238,5,InferEQ
150,787.5764696698462,1.197674513341707,1,InferEQ
150,828.9850411881117,1.1746884162831324,2,InferEQ
150,806.425001489375,1.197674513341707,3,InferEQ
150,777.2137072575753,1.1746884162831324,4,InferEQ
150,750.7581434615704,1.2318323793239114,5,InferEQ
95,1565.1043588887158,0.6559638705692235,1,InferEQ
95,1033.4268518287495,1.0433679682098618,2,InferEQ
95,834.3860055251315,1.0756736211847684,3,InferEQ
95,1088.3175153945322,0.6674851488655277,4,InferEQ
95,1326.095170860964,0.6559638705692235,5,InferEQ
39,941.2696097584327,0.9669943557221579,1,InferEQ
39,1183.7440456256509,0.9853392730122432,2,InferEQ
39,987.5490255670874,0.9669943557221579,3,InferEQ
39,879.488445842369,1.264551290201171,4,InferEQ
39,774.1661046073009,0.9853392730122432,5,InferEQ
162,785.6828235314382,0.9805894056770583,1,InferEQ
162,887.0490830927771,1.2481617876504176,2,InferEQ
162,918.4393699323459,1.0467242895814564,3,InferEQ
162,1190.6221314101779,0.9805894056770583,4,InferEQ
162,901.3772115038566,1.0870767107030184,5,InferEQ
25,854.5745312281745,1.2549242908245746,1,InferEQ
25,736.0767598370817,1.204195129782437,2,InferEQ
25,747.7589087797958,1.1862537942503426,3,InferEQ
25,818.7818629420248,1.2367147024010121,4,InferEQ
25,738.8714587578881,1.1862537942503426,5,InferEQ
18,851.5014941448441,1.0341959660156732,1,InferEQ
18,815.8391263165935,1.1522285393197047,2,InferEQ
18,750.4411507923619,1.2316530295200936,3,InferEQ
18,918.1216044426383,1.0341959660156732,4,InferEQ
18,855.0305819230763,1.2316530295200936,5,InferEQ
168,986.0937083185347,0.8904843899426899,1,InferEQ
168,928.9037005662367,1.0235536768116824,2,InferEQ
168,973.4956092706243,0.9133039906056493,3,InferEQ
168,965.3985681026998,0.8904843899426899,4,InferEQ
168,940.2708305856173,0.9133039906056493,5,InferEQ
81,715.3251209836214,1.2673914385512808,1,InferEQ
81,846.8590198917764,1.10964640411854,2,InferEQ
81,832.3846311105139,1.1049336200262878,3,InferEQ
81,803.2765342217821,1.10964640411854,4,InferEQ
81,794.7387174428367,1.1049336200262878,5,InferEQ
174,900.9607005100829,1.0530576495430817,1,InferEQ
174,882.5299772580561,1.0401542668452353,2,InferEQ
174,833.1845614107921,1.0989788629015018,3,InferEQ
174,811.6960507396703,1.0401542668452353,4,InferEQ
174,804.9528476215806,1.282455098871112,5,InferEQ
46,804.2130001396886,1.1104327561979597,1,InferEQ
46,833.517974118725,1.1029469565326833,2,InferEQ
46,847.1871260049361,1.1104327561979597,3,InferEQ
46,711.1340622295909,1.2692509608390228,4,InferEQ
46,792.9519196653823,1.1029469565326833,5,InferEQ
130,803.8489257025578,1.0954408839579255,1,InferEQ
130,773.9514846182544,1.105172132808758,2,InferEQ
130,948.8621591953636,1.0751600617813661,3,InferEQ
130,1049.80056103261,1.0954408839579255,4,InferEQ
130,996.3232497295561,1.0751600617813661,5,InferEQ
67,1056.0090666731396,0.9527221243545355,1,InferEQ
67,1269.6701931539437,0.7878666009913643,2,InferEQ
67,995.1705730492968,1.0926046551354172,3,InferEQ
67,833.450149143973,0.9245945382240244,4,InferEQ
67,959.2569173520457,0.7878666009913643,5,InferEQ
137,829.4426857135427,1.1129001690534217,1,InferEQ
137,797.9051884382092,1.1136392483600457,2,InferEQ
137,792.6469595648122,1.1129001690534217,3,InferEQ
137,710.5108518704997,1.270706473159163,4,InferEQ
137,845.2983384137146,1.1136392483600457,5,InferEQ
88,822.5186286894137,1.0722472007854036,1,InferEQ
88,822.8793310488776,1.1007009227541036,2,InferEQ
88,860.7368538339788,1.0722472007854036,3,InferEQ
88,855.1847378375202,1.1007009227541036,4,InferEQ
88,740.705992052214,1.2371489152586281,5,InferEQ
116,851.6545054460007,1.028215531337489,1,InferEQ
116,815.4181877446332,1.1545600157368952,2,InferEQ
116,751.8993482355306,1.2316700538664622,3,InferEQ
116,921.638770781607,1.028215531337489,4,InferEQ
116,860.3809895721009,1.2316700538664622,5,InferEQ
180,966.4486908729978,0.9230322305026399,1,InferEQ
180,960.2253921635503,1.195331501755265,2,InferEQ
180,841.9764910409039,0.9230322305026399,3,InferEQ
180,831.2933670672859,1.0012660693853788,4,InferEQ
180,995.629115335984,1.1637365373562882,5,InferEQ
11,932.7272605163697,0.913949262346081,1,InferEQ
11,817.6342516312236,1.1218121532484773,2,InferEQ
11,799.2480695225927,1.2333022576166928,3,InferEQ
11,1151.3316314916588,0.913949262346081,4,InferEQ
11,1144.0356953530606,0.9521979341997747,5,InferEQ
74,1302.34929210549,0.904782757187105,1,InferEQ
74,1168.668103112012,0.9579410564198617,2,InferEQ
74,864.9381189958299,0.9822083892027682,3,InferEQ
74,761.0176525375183,1.012216667753716,4,InferEQ
74,1237.0243657909584,0.904782757187105,5,InferEQ
186,870.9402939673245,1.233746970200228,1,InferEQ
186,859.3660391274714,1.018039160213319,2,InferEQ
186,824.4712660115139,1.1469972646542868,3,InferEQ
186,747.7765465218349,1.233746970200228,4,InferEQ
186,935.4412970656136,1.018039160213319,5,InferEQ
156,910.643186468692,0.9004351364307795,1,InferEQ
156,1111.7576919420346,0.9190891907484072,2,InferEQ
156,1407.231738629962,0.8943132078584204,3,InferEQ
156,1312.5238506737012,0.8943132078584204,4,InferEQ
156,785.9997619022226,0.967099049897058,5,InferEQ
198,714.3830737355295,1.268293332054088,1,InferEQ
198,845.9311932318443,1.1093523014769218,2,InferEQ
198,833.576636938197,1.1047909283270545,3,InferEQ
198,802.0906626979358,1.1093523014769218,4,InferEQ
198,793.6880884632577,1.1047909283270545,5,InferEQ
123,855.76215081452,1.1421788550331549,1,InferEQ
123,1005.1235117630907,0.8751499696586986,2,InferEQ
123,758.3657060116371,1.1779890244718003,3,InferEQ
123,1008.1922838790244,0.8751499696586986,4,InferEQ
123,855.4729220324646,0.9778408664121458,5,InferEQ
60,1023.0253400539486,1.0745129341000441,1,InferEQ
60,805.7981202329947,1.0940684501847384,2,InferEQ
60,778.0842902459741,1.1023887273031954,3,InferEQ
60,943.2891795204209,1.0745129341000441,4,InferEQ
60,1060.7097472609096,1.0940684501847384,5,InferEQ
32,755.5250150254275,1.1762972258036002,1,InferEQ
32,822.1840494570986,1.2580996768683896,2,InferEQ
32,740.822610980736,1.1762972258036002,3,InferEQ
32,845.4372318100694,1.2532032453513053,4,InferEQ
32,725.5827212455422,1.21590140398747,5,InferEQ
192,1278.272555596367,0.9441811566855347,1,InferEQ
192,827.7509394594639,1.04833358466479,2,InferEQ
192,924.30742955212,1.1160061920189646,3,InferEQ
192,1002.179653367764,1.04833358466479,4,InferEQ
192,1017.0903475544328,0.9441811566855347,5,InferEQ
144,748.1831913001065,1.2340568594800636,1,InferEQ
144,771.8642918779818,1.1796634814202966,2,InferEQ
144,805.4814521120524,1.2060527076201517,3,InferEQ
144,821.1471936607854,1.1796634814202966,4,InferEQ
144,774.5231070885236,1.2060527076201517,5,InferEQ
102,725.6908159667921,1.2679110191737761,1,InferEQ
102,799.7207775867784,1.0947814706332135,2,InferEQ
102,806.0520122455192,1.1057863695681984,3,InferEQ
102,837.3520447507466,1.0947814706332135,4,InferEQ
102,840.3648071198872,1.1057863695681984,5,InferEQ
4,1018.4601090139295,0.8629852376841884,1,InferEQ
4,768.7204603844091,1.1662189103428744,2,InferEQ
4,1005.6172281611837,0.8629852376841884,3,InferEQ
4,846.2778635420108,1.1477753348428514,4,InferEQ
4,868.593278953122,0.9775351895389371,5,InferEQ
110,1215.7562780879043,0.7905458836662514,1,InferEQ
110,1021.3390053731656,0.9982561222287335,2,InferEQ
110,1755.534948213868,0.5225299471351809,3,InferEQ
110,1073.9790221750097,0.8316900404712431,4,InferEQ
110,1339.5160688352432,0.5225299471351809,5,InferEQ
151,945.4781696201962,1.1141803734240003,1,InferEQ
151,1059.1245844649538,1.1106412132562082,2,InferEQ
151,924.8657327974299,1.0930314639273735,3,InferEQ
151,804.8985927799588,1.1141803734240003,4,InferEQ
151,798.1589024851608,1.0930314639273735,5,InferEQ
26,923.8554574675194,1.0944917325328218,1,InferEQ
26,1152.2326659190492,0.9819754020764716,2,InferEQ
26,671.614535709082,1.3290715385050451,3,InferEQ
26,823.5525535784491,1.141179603602884,4,InferEQ
26,952.5847798925133,0.9819754020764716,5,InferEQ
169,1303.340069939939,0.7450319521094575,1,InferEQ
169,991.5998370293819,0.9088837826467447,2,InferEQ
169,1022.1244676424261,0.9383123083297469,3,InferEQ
169,937.3456036583254,0.9088837826467447,4,InferEQ
169,1197.028201385743,0.7450319521094575,5,InferEQ
54,855.7934969516048,1.1043831958499843,1,InferEQ
54,994.4921115668379,0.9169284564380278,2,InferEQ
54,829.7169084277266,1.1043831958499843,3,InferEQ
54,912.5988357222384,0.9169284564380278,4,InferEQ
54,863.5064453865049,1.0081346164804643,5,InferEQ
117,971.9979709534291,1.04325998658855,1,InferEQ
117,1065.9557653628344,1.0750698327712367,2,InferEQ
117,1046.4094176958702,1.04325998658855,3,InferEQ
117,794.6125167037387,1.1182348374533364,4,InferEQ
117,792.9867788273776,1.0750698327712367,5,InferEQ
163,1027.6740313591947,1.0231914237551316,1,InferEQ
163,862.6925932112769,0.9116342527502429,2,InferEQ
163,1049.6427567302871,0.8460538411601248,3,InferEQ
163,899.9455702252328,1.183625739363149,4,InferEQ
163,1010.3910707371506,0.8460538411601248,5,InferEQ
19,1389.3479274289923,0.4905440302805082,1,InferEQ
19,940.3612300620265,1.1441877930135462,2,InferEQ
19,976.1606329024829,1.1331843143754172,3,InferEQ
19,1365.6169897015113,0.4905440302805082,4,InferEQ
19,671.699558981899,1.1697765690175659,5,InferEQ
138,734.6859577628697,1.2064574806463533,1,InferEQ
138,840.3799163254204,1.2534672971237877,2,InferEQ
138,737.0326518197131,1.1893330913136766,3,InferEQ
138,818.3946397685376,1.2388270216210888,4,InferEQ
138,745.4678273478999,1.1893330913136766,5,InferEQ
175,840.0495626658217,1.2363684287156858,1,InferEQ
175,885.4128054652069,0.9263699653201379,2,InferEQ
175,1257.2570248770608,0.6932966510043771,3,InferEQ
175,1116.3103571485854,0.8968174075163351,4,InferEQ
175,1162.318069493193,0.6932966510043771,5,InferEQ
68,714.1882440806188,1.2663604729206857,1,InferEQ
68,850.2230184042832,1.1108788597638646,2,InferEQ
68,831.5294055597998,1.1084023326860133,3,InferEQ
68,802.3759630607954,1.1108788597638646,4,InferEQ
68,792.3687779222989,1.1084023326860133,5,InferEQ
47,1085.91765161937,0.9394569338573404,1,InferEQ
47,718.1431606305352,1.0797094194356494,2,InferEQ
47,941.9308931993988,0.9394569338573404,3,InferEQ
47,1003.5492133898347,1.034259897087382,4,InferEQ
47,1033.4132071407628,1.034259897087382,5,InferEQ
12,1207.790063961411,0.7423440904307045,1,InferEQ
12,1136.0343173741242,0.898877120956746,2,InferEQ
12,1246.6721083280295,0.7423440904307045,3,InferEQ
12,976.800173912106,0.8405864152725173,4,InferEQ
12,886.9286748475358,1.2241854946038417,5,InferEQ
199,955.3389732683896,1.0255756041018982,1,InferEQ
199,834.544159205839,1.0649631743955297,2,InferEQ
199,863.341643083798,1.0255756041018982,3,InferEQ
199,806.7635220868078,1.0615614933910351,4,InferEQ
199,783.077121499621,1.2668541185541975,5,InferEQ
75,841.1465399249994,1.1096450123000539,1,InferEQ
75,853.1636590415313,1.0169443551032267,2,InferEQ
75,906.3759028427156,0.9234066585685803,3,InferEQ
75,825.9300837787198,1.1096450123000539,4,InferEQ
75,986.6791303734287,0.9234066585685803,5,InferEQ
157,947.3376741622616,0.9332979874304478,1,InferEQ
157,947.9722572507948,0.9234326364759088,2,InferEQ
157,961.1159925797532,0.9332979874304478,3,InferEQ
157,926.673530801785,1.0134349868282488,4,InferEQ
157,968.9858993711618,0.9234326364759088,5,InferEQ
89,756.9620543641445,1.173983810326977,1,InferEQ
89,728.1520851007252,1.2123180034554004,2,InferEQ
89,845.6321100583602,1.2523006169982975,3,InferEQ
89,742.5390989332469,1.173983810326977,4,InferEQ
89,820.9934566375201,1.2542576643406382,5,InferEQ
131,857.1895970809791,1.1010319857448716,1,InferEQ
131,844.5839877305262,1.1053810281824201,2,InferEQ
131,810.6344072833574,1.1010319857448716,3,InferEQ
131,792.8099909074002,1.1053810281824201,4,InferEQ
131,721.1613310184025,1.2607544566775764,5,InferEQ
187,822.2140799797995,1.2396697308820588,1,InferEQ
187,748.6934939449626,1.1872111223049149,2,InferEQ
187,732.1020820822725,1.2102316010876997,3,InferEQ
187,840.8807696904324,1.2534669556746751,4,InferEQ
187,738.8998198731589,1.1872111223049149,5,InferEQ
82,1609.2526875828332,0.5348940945461078,1,InferEQ
82,1314.8024845672317,0.9541897364448462,2,InferEQ
82,1249.8222080778814,0.5348940945461078,3,InferEQ
82,1033.6459358449342,0.7502140242493152,4,InferEQ
82,969.2807701476172,1.1705656575144143,5,InferEQ
40,1066.9958780877207,0.9992580005234825,1,InferEQ
40,1081.9080058696406,1.0806618607588205,2,InferEQ
40,999.8762009850516,0.9992580005234825,3,InferEQ
40,803.5620193005951,1.1043724254465053,4,InferEQ
40,834.1226062921918,1.0806618607588205,5,InferEQ
96,841.9024149715858,1.1413198337265955,1,InferEQ
96,814.6295121090766,1.1937298249162345,2,InferEQ
96,783.1976249638078,1.1413198337265955,3,InferEQ
96,753.4986867530532,1.2174148335085069,4,InferEQ
96,762.8270641326105,1.1937298249162345,5,InferEQ
33,1695.3621744870466,0.32884888929858525,1,InferEQ
33,936.0350622674536,1.1317073100388406,2,InferEQ
33,815.7384684333987,1.068325664659786,3,InferEQ
33,1014.9649500682107,0.818022087437657,4,InferEQ
33,1420.0408318551283,0.32884888929858525,5,InferEQ
181,861.317956417707,1.1097357265952408,1,InferEQ
181,976.7194686429307,0.9002381281740846,2,InferEQ
181,868.2976622805918,1.1097357265952408,3,InferEQ
181,881.1039007013331,1.0153171950365791,4,InferEQ
181,972.2630871724814,0.9002381281740846,5,InferEQ
145,1020.2330472907568,0.7401579062910772,1,InferEQ
145,1519.242529978889,0.7787266602655413,2,InferEQ
145,1361.0778322373076,0.7787266602655413,3,InferEQ
145,1283.73662434953,0.7401579062910772,4,InferEQ
145,872.910395034658,1.0827917690189566,5,InferEQ
61,846.4304091526874,1.109440257372308,1,InferEQ
61,834.5732339079749,1.103514212762017,2,InferEQ
61,802.1678375488276,1.109440257372308,3,InferEQ
61,792.1927547547731,1.103514212762017,4,InferEQ
61,711.6652429909337,1.268945887065561,5,InferEQ
124,1134.9672795724612,0.7449037498657018,1,InferEQ
124,955.708751415934,1.2044506219418445,2,InferEQ
124,928.6476316252326,0.7449037498657018,3,InferEQ
124,892.5230281684469,0.9442113998148883,4,InferEQ
124,1070.2691124950516,1.1255038577958938,5,InferEQ
193,843.2378022275858,1.1467542003352913,1,InferEQ
193,989.7855805997426,0.8850963603002248,2,InferEQ
193,758.6473999127164,1.173227059229452,3,InferEQ
193,999.5378018629928,0.8850963603002248,4,InferEQ
193,851.1046372206555,0.9838585005958015,5,InferEQ
5,1009.0194148652306,0.8539256541022598,1,InferEQ
5,898.876374162322,1.189186096101814,2,InferEQ
5,1035.5050980680887,0.8539256541022598,3,InferEQ
5,848.4653280742897,0.9165081586187978,4,InferEQ
5,1012.3660044048664,1.0386682146937556,5,InferEQ
103,1058.090359830181,1.0804339227436925,1,InferEQ
103,960.4867115585033,1.0685206735802864,2,InferEQ
103,778.2503506300046,1.1009746890676442,3,InferEQ
103,807.4025346888786,1.0804339227436925,4,InferEQ
103,1016.7948371302741,1.0685206735802864,5,InferEQ
111,921.4421094996496,0.8820565907645014,1,InferEQ
111,946.2610973576491,0.9759203111047334,2,InferEQ
111,790.871825555371,1.27014628116359,3,InferEQ
111,1066.3308799095457,0.8820565907645014,4,InferEQ
111,919.1717743029085,0.9759203111047334,5,InferEQ
182,1936.6301837619897,0.06823941109247085,1,InferEQ
182,1039.2349755009802,0.939659646628449,2,InferEQ
182,1356.1712886209348,0.06823941109247085,3,InferEQ
182,1437.7305754194338,0.37914342380195176,4,InferEQ
182,934.7571415673907,0.939659646628449,5,InferEQ
139,1073.8326076346755,0.7802322459740342,1,InferEQ
139,1408.0878314641368,0.7876894676266001,2,InferEQ
139,1238.5935427934462,0.7802322459740342,3,InferEQ
139,895.3059681314718,0.8200576921061549,4,InferEQ
139,805.2423578932381,1.3178192091498127,5,InferEQ
27,723.877186419739,1.2678639076066545,1,InferEQ
27,796.7440437095852,1.1030046581842914,2,InferEQ
27,803.7911873142775,1.109690534578156,3,InferEQ
27,833.5006796295713,1.1030046581842914,4,InferEQ
27,847.0504191503235,1.109690534578156,5,InferEQ
152,962.4863858626861,1.0789330989748658,1,InferEQ
152,1189.9078159902144,0.986759921474375,2,InferEQ
152,927.6371406119473,1.0200979991063641,3,InferEQ
152,871.4787642632704,1.2610364261560087,4,InferEQ
152,774.2053780895482,0.986759921474375,5,InferEQ
118,759.6010598963948,1.2238603426126478,1,InferEQ
118,815.0416027657584,1.1559612931557695,2,InferEQ
118,847.8469347705675,1.0326496855162903,3,InferEQ
118,860.2343310045032,1.2238603426126478,4,InferEQ
118,920.1200065257985,1.0326496855162903,5,InferEQ
200,840.9438876680915,1.15191538003828,1,InferEQ
200,985.9439488626762,0.8894056036702029,2,InferEQ
200,757.3614735761581,1.172063397176328,3,InferEQ
200,994.4907074284961,0.8894056036702029,4,InferEQ
200,849.7030616607356,0.9857884170880233,5,InferEQ
170,1224.5245414327142,0.6884759836357243,1,InferEQ
170,985.5680270951668,1.1151081707018455,2,InferEQ
170,1174.942692474065,0.6884759836357243,3,InferEQ
170,739.1152130060324,1.197973368683522,4,InferEQ
170,808.6255207813191,1.1592282759824033,5,InferEQ
48,1035.354018304136,1.1588019233838678,1,InferEQ
48,1028.272331699709,1.0129646582880882,2,InferEQ
48,1158.0583406514297,0.962178202178308,3,InferEQ
48,944.4594761911976,1.0467109948288338,4,InferEQ
48,800.5150506111496,0.962178202178308,5,InferEQ
176,782.4520182079633,1.1976828933501087,1,InferEQ
176,738.299863883603,1.2377163920432177,2,InferEQ
176,771.2363063183147,1.1782862724245946,3,InferEQ
176,804.3672421506741,1.1976828933501087,4,InferEQ
176,819.4134998408134,1.1782862724245946,5,InferEQ
158,962.153977075154,1.0388892997684123,1,InferEQ
158,999.6460196853282,0.8642743974305979,2,InferEQ
158,889.4939074401308,1.0560565353507247,3,InferEQ
158,914.5001715253469,1.0388892997684123,4,InferEQ
158,1040.2706377571667,0.8642743974305979,5,InferEQ
97,745.6611707299613,1.186874160141641,1,InferEQ
97,814.2774698348877,1.2477018055322064,2,InferEQ
97,746.7386806764324,1.186874160141641,3,InferEQ
97,728.5903163622053,1.2112971988165182,4,InferEQ
97,843.1654439111542,1.2531729530206526,5,InferEQ
164,807.6558975402065,1.113719584652394,1,InferEQ
164,798.4022365516379,1.1078285594611796,2,InferEQ
164,706.0831144272581,1.2729590616172752,3,InferEQ
164,847.2095084911006,1.113719584652394,4,InferEQ
164,828.0624229029136,1.1078285594611796,5,InferEQ
69,838.8288968337268,1.103967742459201,1,InferEQ
69,803.3678857066634,1.1099853706894283,2,InferEQ
69,791.6683327759059,1.103967742459201,3,InferEQ
69,710.6332866141239,1.2688146528432256,4,InferEQ
69,848.8576299027548,1.1099853706894283,5,InferEQ
13,1049.3274312481972,0.8723486394405627,1,InferEQ
13,816.150603862629,1.113504602425212,2,InferEQ
13,768.7945686229979,1.1963990768793074,3,InferEQ
13,909.56072716595,0.8723486394405627,4,InferEQ
13,947.0482620881941,1.113504602425212,5,InferEQ
55,884.2934245563173,0.9994447429079649,1,InferEQ
55,790.2462912017581,1.0665937942758588,2,InferEQ
55,755.2689961654004,1.3042786891253242,3,InferEQ
55,949.8308571087674,0.9994447429079649,4,InferEQ
55,844.3941176046272,1.0665937942758588,5,InferEQ
41,883.2661162634331,1.2189954590983134,1,InferEQ
41,864.4402230679092,1.0170678899231838,2,InferEQ
41,834.0201292716253,1.1460634512179093,3,InferEQ
41,759.0881945169139,1.2189954590983134,4,InferEQ
41,930.2065297714526,1.0170678899231838,5,InferEQ
62,812.4881086278442,1.1880424619590078,1,InferEQ
62,824.0262826068151,1.177610555931397,2,InferEQ
62,776.4556392881321,1.1880424619590078,3,InferEQ
62,738.869147570767,1.2362497747404468,4,InferEQ
62,769.1489477997226,1.177610555931397,5,InferEQ
76,1224.873144454312,0.9795132906533276,1,InferEQ
76,1185.464136262867,0.9795132906533276,2,InferEQ
76,758.0198142350366,1.0166042270947524,3,InferEQ
76,873.5598493609938,0.9842785504440653,4,InferEQ
76,1146.6108305370433,0.9795396363493458,5,InferEQ
132,956.3035785372089,1.1820531582697082,1,InferEQ
132,871.1169890843823,1.0805031379964802,2,InferEQ
132,943.9380248897822,1.1820531582697082,3,InferEQ
132,776.3971655810685,1.0952377353186564,4,InferEQ
132,775.637442584676,1.0805031379964802,5,InferEQ
90,807.6720898356192,1.1197822666318682,1,InferEQ
90,930.9578000506854,1.0954739315918518,2,InferEQ
90,1047.6335491734794,1.1102950428194749,3,InferEQ
90,931.7424678163796,1.1197822666318682,4,InferEQ
90,798.1033711816743,1.0954739315918518,5,InferEQ
125,1778.7484096040419,0.36419021797189177,1,InferEQ
125,964.3955222255944,1.0868576347219472,2,InferEQ
125,1583.4749606811185,0.36419021797189177,3,InferEQ
125,858.4167785417766,1.08011061324339,4,InferEQ
125,694.6338654693096,1.197038346542737,5,InferEQ
83,757.5472004264169,1.177927090062443,1,InferEQ
83,732.877463276542,1.2100593387475194,2,InferEQ
83,843.9794534081277,1.251544908226554,3,InferEQ
83,740.8924624831697,1.177927090062443,4,InferEQ
83,818.1578003666692,1.2457994375434442,5,InferEQ
20,958.7122594226615,1.182503081197692,1,InferEQ
20,779.3001339643838,1.0709730052973083,2,InferEQ
20,780.1945106886861,1.0921406916373768,3,InferEQ
20,947.5995894365866,1.182656595070708,4,InferEQ
20,878.5143027517172,1.0709730052973083,5,InferEQ
146,818.9830249167778,1.2466741496700222,1,InferEQ
146,843.1878541620409,1.069190756257757,2,InferEQ
146,959.8104316805357,0.9137677752320826,3,InferEQ
146,1179.6325041011157,0.9138309571611666,4,InferEQ
146,1145.446175611471,0.9137677752320826,5,InferEQ
188,768.1177591023267,1.1389924429783012,1,InferEQ
188,958.307480493538,0.8943928174339651,2,InferEQ
188,869.1917010429233,0.9533906706597677,3,InferEQ
188,893.5538576024688,1.1389924429783012,4,InferEQ
188,996.050942187339,0.8943928174339651,5,InferEQ
194,1537.5295526106509,0.48694973685190274,1,InferEQ
194,976.1495581669449,1.0048851577379374,2,InferEQ
194,800.8122075846613,1.1433741471641676,3,InferEQ
194,870.6972007551961,0.9846790703821123,4,InferEQ
194,1564.038638379006,0.48694973685190274,5,InferEQ
34,860.3723397618726,1.1068750434743,1,InferEQ
34,824.6622584071808,1.2313994508866781,2,InferEQ
34,1118.5328324344796,0.9136421069728755,3,InferEQ
34,1201.4096805894549,0.9136421069728755,4,InferEQ
34,995.2603136454785,0.9219387105748799,5,InferEQ
104,831.1205259715233,1.1058974841655187,1,InferEQ
104,851.0172422280837,1.0446176451597806,2,InferEQ
104,845.3218124615213,1.2229466688906543,3,InferEQ
104,940.803376277122,1.0446176451597806,4,InferEQ
104,768.6866860593688,1.2229466688906543,5,InferEQ
6,951.1122064902272,1.0827319014179453,1,InferEQ
6,1078.8840350510673,1.1128706994217925,2,InferEQ
6,938.4975961018608,1.1235243055848891,3,InferEQ
6,805.7118714540866,1.0827319014179453,4,InferEQ
6,808.5178927626654,1.1235243055848891,5,InferEQ
112,767.362635530915,1.2171080843468494,1,InferEQ
112,813.1864672598766,1.1541409964572993,2,InferEQ
112,848.9310108124943,1.0311424668596358,3,InferEQ
112,863.2448437899941,1.2171080843468494,4,InferEQ
112,922.5617058309718,1.0311424668596358,5,InferEQ
56,718.964283374413,1.2672894749274337,1,InferEQ
56,849.4150015159038,1.111661789088966,2,InferEQ
56,830.9200804489178,1.110321348795727,3,InferEQ
56,801.3442314635314,1.111661789088966,4,InferEQ
56,791.6783996558717,1.110321348795727,5,InferEQ
70,891.5260237204022,1.1503386752096032,1,InferEQ
70,862.2223891807348,1.0630625944333776,2,InferEQ
70,840.5152412335952,1.1403278126479826,3,InferEQ
70,801.2488686030628,1.1503386752096032,4,InferEQ
70,913.3437739059043,1.0630625944333776,5,InferEQ
119,925.8533270142335,1.013851973235206,1,InferEQ
119,858.4322519865991,1.2320778193918653,2,InferEQ
119,857.6187561811972,1.013851973235206,3,InferEQ
119,812.094874190669,1.1574954972912863,4,InferEQ
119,751.6564704775938,1.2320778193918653,5,InferEQ
140,1644.5893030684406,0.24491701242834035,1,InferEQ
140,1230.4642242755165,0.8580222603071846,2,InferEQ
140,949.5139944805485,0.943066064397723,3,InferEQ
140,1150.3135040567672,0.24491701242834035,4,InferEQ
140,1298.8059913091884,0.8580222603071846,5,InferEQ
28,890.5281870127111,1.10750137163844,1,InferEQ
28,993.3572283175606,0.9180103037501636,2,InferEQ
28,868.5871263156065,1.0831507114048347,3,InferEQ
28,917.71417957548,0.9180103037501636,4,InferEQ
28,811.1814921540002,1.1423367448704775,5,InferEQ
49,708.1371720671781,1.2966065385391534,1,InferEQ
49,799.5735660189586,1.0170148084105008,2,InferEQ
49,834.6453681689582,1.2434786298630995,3,InferEQ
49,863.4813991682092,1.0422270880164493,4,InferEQ
49,1042.2112980510167,1.0170148084105008,5,InferEQ
14,1005.3836559598268,0.892630394652166,1,InferEQ
14,848.0031626435834,0.9876676459613292,2,InferEQ
14,843.3180327342814,1.155713957042484,3,InferEQ
14,987.316357546499,0.892630394652166,4,InferEQ
14,761.7202515756268,1.1669820173648706,5,InferEQ
98,819.0960810799872,0.8779187398186139,1,InferEQ
98,886.267956459291,0.9624076057240524,2,InferEQ
98,1048.5402841014463,0.9632060579288049,3,InferEQ
98,1393.6161840113455,0.8779187398186139,4,InferEQ
98,1296.2384781379383,0.8967791029477158,5,InferEQ
21,1177.8487855007488,0.47734855714715213,1,InferEQ
21,1019.3144016641407,0.9093992895610873,2,InferEQ
21,834.0187538412155,1.1429108026527934,3,InferEQ
21,1305.693065670513,0.47734855714715213,4,InferEQ
21,921.2615080185418,1.1429108026527934,5,InferEQ
63,944.5692643330075,0.9351376896924286,1,InferEQ
63,997.3998526326236,1.0218985490396033,2,InferEQ
63,982.307107221249,1.0744629815288014,3,InferEQ
63,966.4170212772602,0.9351376896924286,4,InferEQ
63,764.7561365787888,1.2150957028927596,5,InferEQ
133,1351.5306669993727,1.0047447285494946,1,InferEQ
133,1127.2092166989726,1.0047447285494946,2,InferEQ
133,989.1879837958381,1.0676294636982289,3,InferEQ
133,908.6831921476322,1.180272933371972,4,InferEQ
133,915.8626064267092,1.0929682054007839,5,InferEQ
91,876.667489537892,1.2349529221100464,1,InferEQ
91,850.266389947296,1.030037297393793,2,InferEQ
91,819.681174912917,1.1475878062240634,3,InferEQ
91,749.9224205752707,1.2349529221100464,4,InferEQ
91,923.2167829503004,1.030037297393793,5,InferEQ
84,932.8263596781118,1.0460183529780636,1,InferEQ
84,771.6104688339875,1.2267276122629376,2,InferEQ
84,819.3502392981333,1.1438674980833896,3,InferEQ
84,849.3934510855624,1.0460183529780636,4,InferEQ
84,846.2049737836592,1.2267276122629376,5,InferEQ
126,987.0163601916998,0.7128020438669957,1,InferEQ
126,1049.1325064368284,0.9208232133089286,2,InferEQ
126,811.7497737389021,1.1426594367183893,3,InferEQ
126,1255.7695411401714,0.7128020438669957,4,InferEQ
126,803.871618364633,0.9208232133089286,5,InferEQ
7,862.9548238083086,1.1002896737243566,1,InferEQ
7,721.7161416980895,1.2595636500306246,2,InferEQ
7,795.8905010727785,1.1035146289162159,3,InferEQ
7,809.3362384367948,1.1002896737243566,4,InferEQ
7,841.5961045828154,1.1035146289162159,5,InferEQ
77,1662.8705051632849,0.8101936373365307,1,InferEQ
77,981.4820221694082,1.1266406295777456,2,InferEQ
77,786.8859747562985,1.1503475880409388,3,InferEQ
77,821.5138228900047,1.196229093729452,4,InferEQ
77,1396.5111967691369,0.8101936373365307,5,InferEQ
35,848.5931390898837,1.1988434234179581,1,InferEQ
35,834.4826122184871,1.1544495599280005,2,InferEQ
35,871.6170654552612,1.0592493145915387,3,InferEQ
35,866.1467137995768,1.1988434234179581,4,InferEQ
35,922.2309817142525,1.0592493145915387,5,InferEQ
42,716.5011367550057,1.2692417979982427,1,InferEQ
42,792.1421087572572,1.1035582467992036,2,InferEQ
42,801.4829333839615,1.1098954152482088,3,InferEQ
42,834.1042972120671,1.1035582467992036,4,InferEQ
42,846.585647137389,1.1098954152482088,5,InferEQ
105,772.801868191321,1.158265697437838,1,InferEQ
105,827.4025294876885,1.2700206464247075,2,InferEQ
105,748.8087544923209,1.158265697437838,3,InferEQ
105,853.7046941125274,1.2508858888275898,4,InferEQ
105,723.3320155647818,1.2193112576726495,5,InferEQ
